<?xml version="1.0" encoding="UTF-8"?>
<project-private xmlns="http://www.netbeans.org/ns/project-private/1">
    <editor-bookmarks xmlns="http://www.netbeans.org/ns/editor-bookmarks/2" lastBookmarkId="0"/>
    <open-files xmlns="http://www.netbeans.org/ns/projectui-open-files/2">
        <group>
            <file>file:/home/shreesoftech/Desktop/eCart%20Web%20-%20Multi%20Vendor%20eCommerce%20Marketplace-v2.0.2/eCart%20Multivendor%20Website%20%20v2.0.2/Main%20Code/app/Http/Controllers/CheckoutController.php</file>
            <file>file:/home/shreesoftech/Desktop/eCart%20Web%20-%20Multi%20Vendor%20eCommerce%20Marketplace-v2.0.2/eCart%20Multivendor%20Website%20%20v2.0.2/Main%20Code/public/themes/eCart/js/cartajax.js</file>
            <file>file:/home/shreesoftech/Desktop/eCart%20Web%20-%20Multi%20Vendor%20eCommerce%20Marketplace-v2.0.2/eCart%20Multivendor%20Website%20%20v2.0.2/Main%20Code/app/Http/Controllers/Controller.php</file>
            <file>file:/home/shreesoftech/Desktop/eCart%20Web%20-%20Multi%20Vendor%20eCommerce%20Marketplace-v2.0.2/eCart%20Multivendor%20Website%20%20v2.0.2/Main%20Code/public/js/payment-gateway-sslcommerz.js</file>
            <file>file:/home/shreesoftech/Desktop/eCart%20Web%20-%20Multi%20Vendor%20eCommerce%20Marketplace-v2.0.2/eCart%20Multivendor%20Website%20%20v2.0.2/Main%20Code/resources/views/themes/eCart/checkout_payment.blade.php</file>
            <file>file:/home/shreesoftech/Desktop/eCart%20Web%20-%20Multi%20Vendor%20eCommerce%20Marketplace-v2.0.2/eCart%20Multivendor%20Website%20%20v2.0.2/Main%20Code/public/js/script.js</file>
            <file>file:/home/shreesoftech/Desktop/eCart%20Web%20-%20Multi%20Vendor%20eCommerce%20Marketplace-v2.0.2/eCart%20Multivendor%20Website%20%20v2.0.2/Main%20Code/app/Http/Controllers/CartController.php</file>
        </group>
    </open-files>
</project-private>
